{"Epoch": 19, "Train Loss": 0.12249746850963786, "Train Acc": 0.9625333547592163, "Valid Loss": 0.04831762765059663, "Valid Acc": 0.9822999835014343, "_timestamp": 1689289986.3619711, "_runtime": 2045.473384141922, "_step": 19}