{"Train Loss": 2.3068225383758545, "Train Accuracy": 6.25, "Test Loss": 1.0, "Test Accuracy": 0.0, "_timestamp": 1688909902.2998195, "_runtime": 197.07287645339966, "_step": 14069}