{"Epoch": 19, "Train Loss": 0.03190630396228231, "Train Acc": 0.9903833270072937, "Valid Loss": 0.024141219283296923, "Valid Acc": 0.9921999573707581, "_timestamp": 1689003399.241182, "_runtime": 2133.80784201622, "_step": 19}