{"acc": 0.8188363440532987, "loss": 0.20980822667721144, "_timestamp": 1688763099.1492853, "_runtime": 7.271150350570679, "_step": 7, "_wandb": {"runtime": 5}}