{"Epoch": 29, "Train Loss": 0.028943141128018702, "Train Acc": 0.9915333390235901, "Valid Loss": 0.023573370719370046, "Valid Acc": 0.9916999936103821, "_timestamp": 1689012143.6748536, "_runtime": 2947.855399608612, "_step": 29}