{"Epoch": 19, "Train Loss": 0.033481201267369816, "Train Acc": 0.9899333715438843, "Valid Loss": 0.02694089774916966, "Valid Acc": 0.9909999966621399, "_timestamp": 1689006218.7806923, "_runtime": 2198.588195323944, "_step": 19}